claim_id,issue_id,metric,value
CL-001,issue-usability,complaint_count,15
CL-002,issue-usability,severity_sum,38
CL-003,issue-usability,mean_severity,2.533333
CL-004,issue-usability,priority_score,38
CL-005,issue-other,complaint_count,14
CL-007,issue-other,mean_severity,2.071429
CL-008,issue-other,priority_score,29
CL-009,issue-playback,complaint_count,6
CL-011,issue-playback,mean_severity,3.666667
CL-012,issue-playback,priority_score,22
CL-013,issue-billing,complaint_count,7
CL-015,issue-billing,mean_severity,2.857143
CL-016,issue-billing,priority_score,20
CL-021,issue-access,complaint_count,2
CL-023,issue-access,mean_severity,4.000000
