issue_id,review_id
issue-access,0a7f2420-1b49-41fa-8cfc-0b2e178bea6b
issue-access,12efd15d-4d4f-4a71-8e71-69d03b6f983a
issue-access,32fb340f-4f9f-4551-8dae-755221e58d6a
issue-access,686fa8a8-f220-4ddd-b283-d61dd242051a
issue-access,84acb6b0-dd91-4330-944f-2686cbd15ce0
issue-access,c1726764-f0ce-4abc-ad9e-6cd143e1b2c7
issue-access,de0a9cdf-8974-48bc-802f-331228df4619
issue-access,f6f9c680-0970-443f-b422-b1a6ad85e7ce
issue-billing,074efbfd-f69e-46ca-9cea-e5204a192a2a
issue-billing,08c07310-e802-4a88-bd97-2a5f240c0b44
issue-billing,16929558-ce1e-4b87-8738-a1de3f557f66
issue-billing,1d1480fb-0142-46da-8570-45bf3983bf6d
issue-billing,21915fcd-9a35-48ba-b277-6296c4154603
issue-billing,2313bd8e-43bd-4777-bff9-3ae753288f0e
issue-billing,237e6174-4921-44df-828c-28f7b9d6196e
issue-billing,384008ad-eb79-4525-a794-b0b67f7fb3f5
issue-billing,3899ed22-7b96-4c4f-9706-42985b8d8049
issue-billing,398566f7-2519-40e6-a2f4-6676657a18a7
issue-billing,3e82cf28-6b0a-4980-902c-b6aa154d353a
issue-billing,4966b59e-cf09-4881-b3ea-34fd4118a553
issue-billing,4a2ba740-231c-406e-a7a1-c31349e99c44
issue-billing,57aca404-d58b-4bb4-97b1-c64db92f054a
issue-billing,58511d69-67c2-4432-84d8-f3c556592f2b
issue-billing,5c581e49-727a-4221-be0a-a59344c78d60
issue-billing,5cbc9acd-8d44-4719-9409-b40ad0db4211
issue-billing,61e0ddbb-6ec4-4d3a-acd3-41eb5f64afb7
issue-billing,66c56c76-ca94-46ef-b0a1-931654ead16d
issue-billing,67835dbd-10ac-4325-b93e-453d1bd5ec36
issue-billing,6a4f84b4-18e2-47d9-adb8-2461a9319c11
issue-billing,6b55ac9c-8dd2-4170-8782-bd35985ec0d9
issue-billing,7a5919ad-16d4-4f29-8e6e-1041415d7eee
issue-billing,82aedd59-debc-4147-9ff4-5a95c3d3a4e4
issue-billing,86adc9b6-be58-400c-9a08-aa082ff0535c
issue-billing,88439ec2-7c49-4c57-bedb-c5e098692aff
issue-billing,890aeb60-e7cf-4f0d-a321-03a1c8b65757
issue-billing,9db060c5-2ff5-493a-8a19-01a3da91ff1d
issue-billing,a06df5ff-01c8-4aff-a89c-a0c2ddc88f76
issue-billing,a3605554-5c3a-441d-836e-e9fdea83eb2e
issue-billing,a78d831a-69f4-428a-9235-cfdd9775c509
issue-billing,a8170750-1671-4962-bba3-bd297d78f0bc
issue-billing,aa8fec15-2de4-46af-a911-1b49bcb4eb4c
issue-billing,ad730d1a-829a-4dc4-9561-7e1cd07e2c30
issue-billing,af53cf35-c680-4ccb-b30c-cfd85bb61c57
issue-billing,be84cf74-541f-49c8-8262-fe6e9faedfb8
issue-billing,c374ef2d-3676-4c5e-a0d2-02242a254f22
issue-billing,d146397f-4a94-4980-be00-ae9212eca3a7
issue-billing,d635d6c8-460e-452f-8d53-6cd1ea804e98
issue-billing,f5cc511f-ae71-4985-a737-1c0075156e2b
issue-billing,f66a61ed-c4f6-4e7f-8f3b-a4c0d9fbf6af
issue-billing,f67fefbf-9055-4f7c-a777-80446653997c
issue-billing,f782a3f3-b0c8-475c-a34c-cda0fefa272e
issue-catalog,0658feaa-5bec-416e-b6b0-3de2a4c14580
issue-catalog,0b716a9d-85bf-4f4e-8e2e-be71e4a379a6
issue-catalog,1807cc68-ba99-4edc-b6f1-2a1478e69109
issue-catalog,47becad0-8ae5-4a10-9731-fde8f2091862
issue-catalog,4b3ace8e-b199-40b3-8ad4-5c0580e38203
issue-catalog,59f31721-b2c8-40c5-ba3c-b9fe64a58d68
issue-catalog,618d1dbb-0186-4537-923a-7b4dabf19afb
issue-catalog,7c5d9a4d-1bb1-4da3-bc3b-2500ae0246f1
issue-catalog,7f27bbab-ef19-4fb1-80d8-cd014da3e002
issue-catalog,9f3626e0-1bcb-4788-a412-f812102502d1
issue-catalog,9f7a013a-082e-4ec1-8a65-a1e0a0395d20
issue-catalog,d218ffde-42f9-48f8-a793-832507454b35
issue-catalog,e0127547-4edd-44a0-8d5e-e8398bc07086
issue-catalog,ed8efdfe-43e3-4baa-bbed-317807663531
issue-downloads,1d3f978e-b31f-4a4b-ab17-ec46ab4966b3
issue-downloads,1f13c3a2-e57b-460c-b569-964e6b2b1f31
issue-downloads,2ffdf599-a0d5-4c01-bf26-025215d44c06
issue-downloads,5a4a0f00-ce5f-448d-8425-48eeeba76b4d
issue-downloads,5be3399d-dcd2-405b-a931-29b02ffc966e
issue-downloads,b03d6dc9-449a-4647-b112-559186656759
issue-downloads,c64af4d8-ac17-48fe-ae38-fd54b41b16b1
issue-downloads,dcff57c6-abd6-413b-b255-aec3dc34fcbd
issue-other,00363dc8-2117-4565-9af9-efadf8fa90cf
issue-other,02777996-211f-447b-94c4-99b61f049f78
issue-other,0575ce08-ab04-46f0-aa8a-fbf9cd27e8da
issue-other,06a45bd5-3ed9-43af-b7f2-8b9487e2ffff
issue-other,0d9c62d1-2b53-4887-8156-a28eeac86e82
issue-other,0ed90e01-b1ca-40a5-a0a2-4660c0fdaf60
issue-other,130820bc-da31-46d3-9088-b09cb62cf241
issue-other,178c3b49-b689-4fe4-92a2-2257a58e6d95
issue-other,19effee5-bf96-4313-8cf9-1ac996c1c4f1
issue-other,1db044db-d184-4335-877c-d8fc364b282e
issue-other,1ee942bb-a3de-4380-8c08-a15949687c6c
issue-other,28711041-0c42-432c-a1ad-63be8278ebec
issue-other,2d5cdd20-3094-40a5-bc6e-653302b59b56
issue-other,2f40c0be-faf9-450d-8823-da8dbf9ec3f5
issue-other,36f1617b-e4f7-44fb-a7a9-a8236e4c3531
issue-other,39e472ad-2038-4978-a559-d052e3844e59
issue-other,3feb5ba7-4a0d-47e0-a803-eb2dce85dd5e
issue-other,42644f9d-f2b5-4399-8d32-68626340f1ce
issue-other,45c561b9-cc47-4d80-95d3-f0d20bc84af3
issue-other,486d1d7a-d6f6-41ea-81ad-ed875452729c
issue-other,4e4c0ec8-e42b-4428-b192-d527c3384aab
issue-other,507bc222-f269-4f06-82be-b80a34df9691
issue-other,51bfd887-24a0-4741-8b59-68e0a726dd7a
issue-other,530b7128-1b64-46a7-81ad-d69c4bf821cf
issue-other,57c09fe7-3f31-42ab-8bc3-016229670470
issue-other,5d5e08d1-1686-4c86-b9bd-cb0f3a719e0b
issue-other,5fb51bd0-dbe9-4a19-a466-a77f0c14393e
issue-other,62b53e0a-0397-4200-826f-122d18fdde32
issue-other,68107809-52c1-469d-a78a-569280e49ed6
issue-other,6ecd5837-917a-45de-b811-278da3a26a7a
issue-other,7fd63051-28ec-4e51-a06e-97f7010eae40
issue-other,802f3b48-4008-4261-938f-912a703a860d
issue-other,8216dafb-b5e2-47e2-b342-9f73c203b56e
issue-other,83e0e3fb-c641-483d-8b6a-16dff7c2ab24
issue-other,89a8e180-7846-4421-a2b6-fa7787e9d0d2
issue-other,8b6e028a-5f63-4011-9841-cbbade4830eb
issue-other,8cd35162-9223-42d1-8097-06e22fde94ea
issue-other,8e9a5751-c1e8-4d7a-afbe-5239c98a08d0
issue-other,8f848aef-444d-4f95-8868-8579f690beb0
issue-other,9666e9fe-0bc2-4e4c-8842-2162be0b6610
issue-other,a0036cd0-72ae-4d2d-98a1-c12938dd166c
issue-other,a1a28752-3256-4f81-b888-3e943343529f
issue-other,a598cfe0-473b-4665-9eb2-4eebb3c1d877
issue-other,aa94c946-8e7c-48dd-a673-87c5389b2edd
issue-other,b0d0660d-b859-4d87-97e8-7420f05d1f94
issue-other,b0fb4c8e-e2be-432d-84bc-b4f30b0d2aa5
issue-other,b1beb540-0a06-4396-9677-161fbd8029b6
issue-other,b47c203f-366e-4409-922d-cd52aa8bbef6
issue-other,b5b7243b-4e06-4781-9f91-4e62c93f6efa
issue-other,b7d87a12-258a-4837-9d84-41adc58fa4c8
issue-other,b92a7381-b5cd-4c77-9176-e5c4b4818c8a
issue-other,b9a3e661-0eac-4cc9-a30e-7b1e11ef1315
issue-other,bb77bfb2-6eb8-4c6c-88bb-491c7da75196
issue-other,c1ab120a-f91f-4ee3-87f5-66f352e2d47f
issue-other,c55970e2-9223-4e83-92de-9b7e4aac0663
issue-other,ca16e65d-d2ff-4453-a495-b8c422809330
issue-other,d27e9b26-a7af-469c-9a4e-8deea2db72ae
issue-other,d3ddb3ad-e576-4638-a100-926ba56caabe
issue-other,e5e362d7-1057-43bf-a3ca-8ffd93f80789
issue-other,eafc278c-3f57-447f-945c-580ae5a4815c
issue-other,ee17dcd6-07c0-4441-8e64-e7ea57877c78
issue-other,f1532a7d-a47c-40eb-b41f-da17a379f9fb
issue-other,f7cc1aa7-c306-4f5b-a5e9-911cca07fa60
issue-other,f87b4f85-ca34-4217-9721-2d7a6ca904a2
issue-playback,01124066-b5dd-4c79-8618-d1bea99d197a
issue-playback,039112fc-bbed-4540-83cc-890fcb129751
issue-playback,05fa5b8a-a49b-43be-bab5-38af789a65a7
issue-playback,065c418e-7f18-42a3-b241-fe693b7a2b0c
issue-playback,06d4c78d-73b4-4b54-9ef3-3d5a0d18cb96
issue-playback,0e5a2a0d-7f67-48a5-9edd-27064f670656
issue-playback,0fcf89b2-0b81-4838-bf5f-41c684e43b2d
issue-playback,145ea602-b8fb-41c1-bfdd-79293a18681f
issue-playback,179d79f7-d052-490f-a9d6-f97525b32642
issue-playback,1cdc5bb2-8e8d-4267-8853-6c1dd4c7ef13
issue-playback,232c669e-8bfe-4642-b0c9-229c2911cc6c
issue-playback,3df77a78-ad9a-4456-8be8-8178ffd43d67
issue-playback,4526d439-a6e4-4e0a-b0bc-ae0f9ce5bd96
issue-playback,46ff0c74-5e86-4e5b-b4cd-36201aab0f9e
issue-playback,4a806587-0dde-4fb4-b4f1-f5c7d197c927
issue-playback,4ab2089a-ffa8-49e7-a8a3-aeb583a96796
issue-playback,4c34f240-76d4-451a-ac74-5bc6bd484825
issue-playback,4d327494-7846-481a-bf00-f4b5abc099c4
issue-playback,509915ba-cf86-4baa-9bea-a73af229ca48
issue-playback,55cc3abf-c295-4591-8c3a-78085cfdefaa
issue-playback,651e6e7b-f93e-4369-9631-15c73ddcd4ad
issue-playback,66a29b3c-c14d-440e-b722-b23e0c99ae82
issue-playback,6c257eba-3dca-49f6-b7f0-4c4484d81e26
issue-playback,89be32ab-664a-4647-a5e3-e4006a67e4e1
issue-playback,8b9d84a8-f650-4272-b332-4d60cb42377d
issue-playback,98d936e1-fd1d-475a-89ee-0e1517cb60d3
issue-playback,9c9757da-6b99-4c95-a0e7-0661ee858027
issue-playback,9ce5f16c-aef0-48eb-ace1-91905796bc3d
issue-playback,a0cbc9d6-51bb-46f0-9ba9-ad4f4593c266
issue-playback,a7b7539a-c8d3-4f4e-9edd-d46cd1b1fd12
issue-playback,a862b037-7542-4a3e-94ef-836b7092f4ef
issue-playback,bcdf315e-c82d-41f0-9fcd-ba5933dfe77e
issue-playback,c7df9cb8-7bec-4036-a6a1-1353d2d705d8
issue-playback,cc39673b-e332-4f1d-a6c6-ce378a715dcb
issue-playback,d26566f7-a898-4298-a06a-50bd3f7319c1
issue-playback,d3b74f36-aa48-42af-ae4a-d4a8b0499a60
issue-playback,d767f1af-e8eb-41af-9cc4-8bfa35253870
issue-playback,e07b106c-f454-46aa-a592-0b92d644bac0
issue-playback,f1abd13b-2391-4b04-8109-efa7f3cfed0b
issue-playback,f87fb3d9-501a-4119-bc40-b0669270ae44
issue-support,33526c6f-7a49-4b3d-bd20-d1bc191c494c
issue-usability,0070e713-4cb7-4d78-954f-1764d5593c91
issue-usability,035213ba-b1b9-411c-b028-70296e5f0e73
issue-usability,0853c56b-0fa1-4d12-9cb9-6817d52233f5
issue-usability,08d3a5a9-1ec1-4b10-a5c8-393da33843e1
issue-usability,0e71515c-ecf1-4b23-b783-00f58e51d96a
issue-usability,10775595-01b9-4623-9163-51619e2a0fa9
issue-usability,11ad400f-4487-4dfa-a9da-c8d624f4f107
issue-usability,2aae0ce4-ae4a-46ce-b2fe-0d901eb23c06
issue-usability,2e2480c1-7799-4a66-be67-a947a2d99680
issue-usability,3252de76-f17f-47e2-9517-fe47f66a1fdb
issue-usability,3a88c96b-2760-4eb8-9271-6c55e2304392
issue-usability,3bfefa06-133c-419b-a435-1fea919d6a44
issue-usability,3e8bdc92-4934-457e-85cc-8b9d14bf51c0
issue-usability,4d7c1b3b-b7f8-417e-a984-6ae27c3acef5
issue-usability,4f6a50a1-9440-468c-b35f-961bca94fd88
issue-usability,50626053-301c-42fa-91aa-2f88aef82e64
issue-usability,544a8481-e12b-4878-92d0-ec3a5256e13a
issue-usability,5c9c17d3-9d6a-4fa1-a2a4-ae98eefbbd25
issue-usability,5d50e8f0-18d7-4510-8b1d-eb6b2323f3c9
issue-usability,5e42046c-b29b-4035-ba83-a8e222789e98
issue-usability,6ba8fc67-700c-4d33-ad84-ef67a05b2ae1
issue-usability,6eb64519-37d4-4591-a47a-bbb96357de36
issue-usability,7084ced1-0428-4093-9328-442f74719b4f
issue-usability,70b76b68-4876-42a9-b1fe-80087693908b
issue-usability,71095e1c-86d0-4639-8db0-9b74afdf6d4e
issue-usability,77a53aa5-a453-4bcb-8267-d4f44a492dd3
issue-usability,7f057d48-0855-4325-950b-44f9e6fc2ee1
issue-usability,80e2b39e-11a5-485a-aace-8a8d8c564dc1
issue-usability,85383985-844d-4f9b-bcd9-d6016ac35f6b
issue-usability,85e978f0-13e5-4264-8d3d-251ac5c36461
issue-usability,864e390b-135e-411a-9d03-f28648086cfd
issue-usability,89ea2c30-db8b-459d-8ab7-bbcb7f92c774
issue-usability,91755919-64e7-4613-94f9-4cfb44976c44
issue-usability,92c43612-30bb-4514-bd51-cb7419c7e4d2
issue-usability,94c9f2f9-36fa-4c11-936e-660514fe7a35
issue-usability,991dc66a-aba8-4844-be48-816539680877
issue-usability,9e5f9745-f8be-48d3-b9de-4d118507d94a
issue-usability,a3c6d913-4b67-4025-b34e-3760e5f7795f
issue-usability,aa86aa43-19d5-40b4-8b03-535a96346e18
issue-usability,ab67a772-c3b7-42ba-9b80-8d21d3857018
issue-usability,ac581cea-24f2-4251-a062-53cdd77cfed7
issue-usability,adc4c3e4-3717-4888-ad86-c9381c224d2f
issue-usability,b4f4440f-d952-405d-bf7b-f19fb0adf484
issue-usability,b9ae23d2-1152-4bfe-a876-afc09c005377
issue-usability,bfda45a9-d2a3-4aa6-8530-9abe87a63df8
issue-usability,c13dcedc-50da-48a8-a90d-cfb037a66478
issue-usability,c2738a4f-e57c-46bc-a4ad-8ec5a4b5d5cd
issue-usability,caa9bb7e-814c-4895-b872-10637419b9ba
issue-usability,cc7b79ef-bf37-40fc-a02e-4917b86e422c
issue-usability,cf6166ae-d71a-4839-9add-088645ad3b78
issue-usability,d108ae38-c395-4789-9b6b-661d1efb60d7
issue-usability,d455c11e-c530-4c03-a395-38f5a5cdb8d3
issue-usability,d4d68992-96bf-4fb1-a370-cb47234022d9
issue-usability,d87536c5-6fe0-4b38-b0b1-c47936e4a0d8
issue-usability,dd89d3d3-e4c1-446e-b899-fc038cfbcf95
issue-usability,e16a4550-43e7-4ae1-b538-a65cc652c31b
issue-usability,e393cec1-67e8-4f58-a484-8d9d76dc8fd6
issue-usability,e5e6c55f-3069-4b7c-9807-f8b5d5bf2726
issue-usability,e8f2fb9b-ad3b-4fec-8194-ab67956ee50a
issue-usability,ebc64fe2-9553-4528-87d5-cb4bb9783be6
issue-usability,ec96a982-68d0-44c4-b2be-13a999be4094
issue-usability,f8a85378-c4dd-40e2-b548-beebcdf3b991
issue-usability,f9cf3b4a-c40e-4578-9f6f-358807450b0f
