item,value,note
rows,660622,Rows in the full file (manifest.json)
nonempty,660609,Rows with nonempty text: the work without exact-text reuse
distinct,484189,Distinct nonempty texts: the work with exact-text reuse
verify,5000,Reviews in the verify sample
issues,8,Naming calls at most: one per topic
retry_rate_base,0,Extra attempts per request in the base case. The pilot's own failure rate replaces this when it is higher
retry_rate_conservative,0.05,Extra attempts per request in the conservative case
text_copies,2,How many times a byte of review text appears in a request: once as the review and once more when it is split into sentences. An assumption
max_requests_per_second,75,The limiter's ceiling. Sustained speed is unmeasured until the 10000 gate
max_workers,16,Most requests in flight at once
spending_limit_usd,25,The cap on total Jev spend
fallback_fraction,0,Share of reviews sent to a stronger model. Zero by design: there is no fallback model
output_token_cap_verify,200,max_tokens on a verify call
output_token_cap_group,300,max_tokens on a naming call
output_token_cap_memo,1500,max_tokens on the memo call
