review_id,review_text,review_rating,review_likes,app_version,review_timestamp
r01,App crashes every time I open it,1,3,9.0.1,2025-01-03 10:00:00
r02,Great app,5,0,9.0.1,2025-01-04 11:00:00
r03,Too many ads now,2,1,9.0.2,2025-01-09 12:00:00
r04,Cannot log in,1,7,,2025-02-01 08:30:00
r05,,3,0,9.0.2,2025-02-02 09:00:00
r06,Downloads keep disappearing after update,2,4,9.0.3,2025-02-11 13:00:00
r07,Please add a sleep timer,4,0,9.0.3,2025-02-15 14:00:00
r08,  Love the playlists  ,5,2,9.0.3,2025-03-01 15:00:00
r09,Great app,5,0,,2025-03-02 16:00:00
r10,I was charged twice this month,1,9,9.0.4,2025-03-05 17:00:00
r11,Too many ads now,2,0,9.0.4,2025-03-09 18:00:00
r12,Support never answered my ticket,1,1,9.0.4,2025-04-01 19:00:00
r13,"Uninstalling, the shuffle is broken",1,5,9.0.5,2025-04-03 20:00:00
r14,Great app,4,0,9.0.5,2025-04-08 21:00:00
r15,Search cannot find my favorite artist,2,0,9.0.5,2025-05-01 07:00:00
r16,asdf qwerty,3,0,9.0.5,2025-05-02 07:30:00
r17,,1,0,,2025-05-03 08:00:00
r18,Music stops when screen locks,2,6,9.0.6,2025-05-10 09:00:00
r19,Premium price went up again,2,2,9.0.6,2025-06-01 10:00:00
r20,Too many ads now,1,0,9.0.6,2025-06-02 11:00:00
r21,Lyrics are missing for many songs,3,0,9.0.6,2025-06-12 12:00:00
r22,Best music app ever,5,1,9.0.7,2025-07-01 13:00:00
r23,   ,4,0,9.0.7,2025-07-02 14:00:00
r24,Offline mode does not work on the plane,1,8,9.0.7,2025-07-09 15:00:00
r25,Cannot log in,1,0,9.0.7,2025-08-01 16:00:00
r26,The new layout is confusing,2,0,9.0.8,2025-08-04 17:00:00
r27,Great app,5,0,9.0.8,2025-08-20 18:00:00
r28,"Cancel my subscription, too expensive",1,3,9.0.8,2025-09-01 19:00:00
r29,Audio quality is poor on bluetooth,2,0,9.0.9,2025-09-05 20:00:00
r30,Password reset email never arrives,1,4,9.0.9,2025-09-15 21:00:00
